element,line,xray_line,energy_kev,weight
Ac,Ka,Ac_Ka,90.884,1.0
Ac,Kb,Ac_Kb,102.846,0.15
Ac,La,Ac_La,12.652,1.0
Ac,Lb1,Ac_Lb1,15.713,0.4
Ac,Lb2,Ac_Lb2,15.234,0.236
Ac,Lb3,Ac_Lb3,15.931,0.06
Ac,Lg1,Ac_Lg1,18.4083,0.08
Ac,Lg3,Ac_Lg3,18.95,0.017
Ac,Ll,Ac_Ll,10.869,0.06549
Ac,Ln,Ac_Ln,14.0812,0.0133
Ac,M2N4,Ac_M2N4,3.9811,0.00674
Ac,M3O4,Ac_M3O4,3.82586,0.01
Ac,M3O5,Ac_M3O5,3.83206,0.01
Ac,Ma,Ac_Ma,2.9239330000000003,1.0
Ac,Mb,Ac_Mb,3.06626,0.64124
Ac,Mg,Ac_Mg,3.272,0.33505
Ac,Mz,Ac_Mz,2.329,0.03512
Ag,Ka,Ag_Ka,22.1629,1.0
Ag,Kb,Ag_Kb,24.9426,0.15
Ag,La,Ag_La,2.9844,1.0
Ag,Lb1,Ag_Lb1,3.1509,0.35175
Ag,Lb2,Ag_Lb2,3.3478,0.1165
Ag,Lb3,Ag_Lb3,3.2344,0.0737
Ag,Lb4,Ag_Lb4,3.2034,0.0444
Ag,Lg1,Ag_Lg1,3.5204,0.03735
Ag,Lg3,Ag_Lg3,3.7499,0.014
Ag,Ll,Ag_Ll,2.6336,0.04129
Ag,Ln,Ag_Ln,2.8062,0.0131
Al,Ka,Al_Ka,1.4865,1.0
Al,Kb,Al_Kb,1.5596,0.0132
Ar,Ka,Ar_Ka,2.9577,1.0
Ar,Kb,Ar_Kb,3.1905,0.10169
As,Ka,As_Ka,10.5436,1.0
As,Kb,As_Kb,11.7262,0.14589
As,La,As_La,1.2819,1.0
As,Lb1,As_Lb1,1.3174,0.16704
As,Lb3,As_Lb3,1.386,0.04769
As,Ll,As_Ll,1.1196,0.04929
As,Ln,As_Ln,1.1551,0.01929
At,Ka,At_Ka,81.5164,1.0
At,Kb,At_Kb,92.3039,0.15
At,La,At_La,11.4268,1.0
At,Lb1,At_Lb1,13.876,0.38048
At,Lb2,At_Lb2,13.73812,0.2305
At,Lb3,At_Lb3,14.067,0.06
At,Lb4,At_Lb4,13.485,0.05809
At,Lg1,At_Lg1,16.2515,0.08
At,Lg3,At_Lg3,16.753,0.017
At,Ll,At_Ll,9.8965,0.06179
At,Ln,At_Ln,12.4677,0.0132
At,M2N4,At_M2N4,3.4748,0.00863
At,Mb,At_Mb,2.71162,0.64124
At,Mg,At_Mg,2.95061,0.21845
At,Mz,At_Mz,2.0467,0.00354
Au,Ka,Au_Ka,68.8062,1.0
Au,Kb,Au_Kb,77.9819,0.15
Au,La,Au_La,9.713,1.0
Au,Lb1,Au_Lb1,11.4425,0.40151
Au,Lb2,Au_Lb2,11.5848,0.21949
Au,Lb3,Au_Lb3,11.6098,0.069
Au,Lb4,Au_Lb4,11.205,0.0594
Au,Lg1,Au_Lg1,13.3816,0.08407
Au,Lg3,Au_Lg3,13.8074,0.0194
Au,Ll,Au_Ll,8.4938,0.0562
Au,Ln,Au_Ln,10.3087,0.01379
Au,M2N4,Au_M2N4,2.7958,0.02901
Au,M3O4,Au_M3O4,2.73469,0.005
Au,M3O5,Au_M3O5,2.73621,0.01
Au,Ma,Au_Ma,2.1229,1.0
Au,Mb,Au_Mb,2.2047,0.59443
Au,Mg,Au_Mg,2.4091,0.08505
Au,Mz,Au_Mz,1.6603,0.01344
B,Ka,B_Ka,0.1833,1.0
Ba,Ka,Ba_Ka,32.1936,1.0
Ba,Kb,Ba_Kb,36.3784,0.15
Ba,La,Ba_La,4.4663,1.0
Ba,Lb1,Ba_Lb1,4.8275,0.43048
Ba,Lb2,Ba_Lb2,5.1571,0.1905
Ba,Lb3,Ba_Lb3,4.9266,0.13779
Ba,Lb4,Ba_Lb4,4.8521,0.08859
Ba,Lg1,Ba_Lg1,5.5311,0.07487
Ba,Lg3,Ba_Lg3,5.8091,0.0331
Ba,Ll,Ba_Ll,3.9542,0.04299
Ba,Ln,Ba_Ln,4.3308,0.0151
Be,Ka,Be_Ka,0.10258,1.0
Bi,Ka,Bi_Ka,77.1073,1.0
Bi,Kb,Bi_Kb,87.349,0.15
Bi,La,Bi_La,10.839,1.0
Bi,Lb1,Bi_Lb1,13.0235,0.4
Bi,Lb2,Bi_Lb2,12.9786,0.2278
Bi,Lb3,Bi_Lb3,13.2106,0.0607
Bi,Lb4,Bi_Lb4,12.6912,0.05639
Bi,Lg1,Bi_Lg1,15.2475,0.08
Bi,Lg3,Bi_Lg3,15.7086,0.017
Bi,Ll,Bi_Ll,9.4195,0.06
Bi,Ln,Bi_Ln,11.712,0.0134
Bi,M2N4,Bi_M2N4,3.2327,0.00863
Bi,M3O4,Bi_M3O4,3.1504,0.01
Bi,M3O5,Bi_M3O5,3.1525,0.01
Bi,Ma,Bi_Ma,2.4222,1.0
Bi,Mb,Bi_Mb,2.5257,0.64124
Bi,Mg,Bi_Mg,2.7369,0.21845
Bi,Mz,Bi_Mz,1.9007,0.0058
Br,Ka,Br_Ka,11.9238,1.0
Br,Kb,Br_Kb,13.2922,0.15289
Br,La,Br_La,1.4809,1.0
Br,Lb1,Br_Lb1,1.5259,0.39175
Br,Lb3,Br_Lb3,1.6005,0.04629
Br,Ll,Br_Ll,1.2934,0.0462
Br,Ln,Br_Ln,1.3395,0.0182
C,Ka,C_Ka,0.2774,1.0
Ca,Ka,Ca_Ka,3.6917,1.0
Ca,Kb,Ca_Kb,4.0127,0.112
Ca,La,Ca_La,0.3464,0.0
Ca,Ll,Ca_Ll,0.3027,1.0
Ca,Ln,Ca_Ln,0.3063,0.23
Cd,Ka,Cd_Ka,23.1737,1.0
Cd,Kb,Cd_Kb,26.0947,0.15
Cd,La,Cd_La,3.1338,1.0
Cd,Lb1,Cd_Lb1,3.3165,0.35704
Cd,Lb2,Cd_Lb2,3.5282,0.1288
Cd,Lb3,Cd_Lb3,3.4015,0.07719
Cd,Lb4,Cd_Lb4,3.3673,0.0469
Cd,Lg1,Cd_Lg1,3.7177,0.0416
Cd,Lg3,Cd_Lg3,3.9511,0.0151
Cd,Ll,Cd_Ll,2.7673,0.04169
Cd,Ln,Cd_Ln,2.9568,0.0132
Ce,Ka,Ce_Ka,34.7196,1.0
Ce,Kb,Ce_Kb,39.2576,0.15
Ce,La,Ce_La,4.8401,1.0
Ce,Lb1,Ce_Lb1,5.2629,0.43
Ce,Lb2,Ce_Lb2,5.6134,0.19399
Ce,Lb3,Ce_Lb3,5.3634,0.1325
Ce,Lb4,Ce_Lb4,5.276,0.08699
Ce,Lg1,Ce_Lg1,6.0542,0.0764
Ce,Lg3,Ce_Lg3,6.3416,0.0324
Ce,Ll,Ce_Ll,4.2888,0.0436
Ce,Ln,Ce_Ln,4.7296,0.015
Ce,M2N4,Ce_M2N4,1.1628,0.08
Ce,Ma,Ce_Ma,0.8455,1.0
Ce,Mb,Ce_Mb,0.8154,0.91
Ce,Mg,Ce_Mg,1.0754,0.5
Ce,Mz,Ce_Mz,0.6761,0.07
Cl,Ka,Cl_Ka,2.6224,1.0
Cl,Kb,Cl_Kb,2.8156,0.0838
Co,Ka,Co_Ka,6.9303,1.0
Co,Kb,Co_Kb,7.6494,0.1277
Co,La,Co_La,0.7757,1.0
Co,Lb3,Co_Lb3,0.8661,0.0238
Co,Ll,Co_Ll,0.6779,0.2157
Co,Ln,Co_Ln,0.6929,0.0833
Cr,Ka,Cr_Ka,5.4147,1.0
Cr,Kb,Cr_Kb,5.9467,0.134
Cr,La,Cr_La,0.5722,1.0
Cr,Lb3,Cr_Lb3,0.6521,0.0309
Cr,Ll,Cr_Ll,0.5004,0.6903
Cr,Ln,Cr_Ln,0.5096,0.2353
Cs,Ka,Cs_Ka,30.9727,1.0
Cs,Kb,Cs_Kb,34.987,0.15
Cs,La,Cs_La,4.2864,1.0
Cs,Lb1,Cs_Lb1,4.6199,0.42983
Cs,Lb2,Cs_Lb2,4.9354,0.19589
Cs,Lb3,Cs_Lb3,4.7167,0.1399
Cs,Lb4,Cs_Lb4,4.6493,0.08869
Cs,Lg1,Cs_Lg1,5.2806,0.07215
Cs,Lg3,Cs_Lg3,5.5527,0.0325
Cs,Ll,Cs_Ll,3.7948,0.04269
Cs,Ln,Cs_Ln,4.1423,0.0152
Cu,Ka,Cu_Ka,8.0478,1.0
Cu,Kb,Cu_Kb,8.9053,0.13157
Cu,La,Cu_La,0.9295,1.0
Cu,Lb1,Cu_Lb1,0.9494,0.03197
Cu,Lb3,Cu_Lb3,1.0225,0.00114
Cu,Ll,Cu_Ll,0.8113,0.08401
Cu,Ln,Cu_Ln,0.8312,0.01984
Dy,Ka,Dy_Ka,45.9984,1.0
Dy,Kb,Dy_Kb,52.1129,0.15
Dy,La,Dy_La,6.4952,1.0
Dy,Lb1,Dy_Lb1,7.2481,0.444
Dy,Lb2,Dy_Lb2,7.6359,0.2
Dy,Lb3,Dy_Lb3,7.3702,0.12529
Dy,Lb4,Dy_Lb4,7.204,0.0891
Dy,Lg1,Dy_Lg1,8.4264,0.08295
Dy,Lg3,Dy_Lg3,8.7529,0.0319
Dy,Ll,Dy_Ll,5.7433,0.0473
Dy,Ln,Dy_Ln,6.5338,0.01489
Dy,M2N4,Dy_M2N4,1.6876,0.008
Dy,Ma,Dy_Ma,1.2907,1.0
Dy,Mb,Dy_Mb,1.3283,0.76
Dy,Mg,Dy_Mg,1.5214,0.08505
Dy,Mz,Dy_Mz,1.002,0.06
Er,Ka,Er_Ka,49.1276,1.0
Er,Kb,Er_Kb,55.6737,0.15
Er,La,Er_La,6.9486,1.0
Er,Lb1,Er_Lb1,7.811,0.45263
Er,Lb2,Er_Lb2,8.1903,0.2005
Er,Lb3,Er_Lb3,7.9395,0.1258
Er,Lb4,Er_Lb4,7.7455,0.0922
Er,Lg1,Er_Lg1,9.0876,0.08487
Er,Lg3,Er_Lg3,9.4313,0.0324
Er,Ll,Er_Ll,6.1514,0.0482
Er,Ln,Er_Ln,7.0578,0.0153
Er,M2N4,Er_M2N4,1.8291,0.0045
Er,Ma,Er_Ma,1.405,1.0
Er,Mb,Er_Mb,1.449,0.59443
Er,Mg,Er_Mg,1.6442,0.08505
Er,Mz,Er_Mz,1.0893,0.06
Eu,Ka,Eu_Ka,41.5421,1.0
Eu,Kb,Eu_Kb,47.0384,0.15
Eu,La,Eu_La,5.846,1.0
Eu,Lb1,Eu_Lb1,6.4565,0.43904
Eu,Lb2,Eu_Lb2,6.8437,0.1985
Eu,Lb3,Eu_Lb3,6.5714,0.1265
Eu,Lb4,Eu_Lb4,6.4381,0.0874
Eu,Lg1,Eu_Lg1,7.4839,0.08064
Eu,Lg3,Eu_Lg3,7.7954,0.0318
Eu,Ll,Eu_Ll,5.1769,0.04559
Eu,Ln,Eu_Ln,5.8171,0.015
Eu,M2N4,Eu_M2N4,1.4807,0.013
Eu,Ma,Eu_Ma,1.0991,1.0
Eu,Mb,Eu_Mb,1.15769,0.87
Eu,Mg,Eu_Mg,1.3474,0.26
Eu,Mz,Eu_Mz,0.8743,0.06
F,Ka,F_Ka,0.6768,1.0
Fe,Ka,Fe_Ka,6.4039,1.0
Fe,Kb,Fe_Kb,7.058,0.1272
Fe,La,Fe_La,0.7045,1.0
Fe,Lb3,Fe_Lb3,0.7921,0.02448
Fe,Ll,Fe_Ll,0.6152,0.3086
Fe,Ln,Fe_Ln,0.6282,0.12525
Fr,Ka,Fr_Ka,86.1058,1.0
Fr,Kb,Fr_Kb,97.474,0.15
Fr,La,Fr_La,12.0315,1.0
Fr,Lb1,Fr_Lb1,14.7703,0.38327
Fr,Lb2,Fr_Lb2,14.4542,0.2337
Fr,Lb3,Fr_Lb3,14.976,0.05969
Fr,Lb4,Fr_Lb4,14.312,0.0603
Fr,Lg1,Fr_Lg1,17.3032,0.08
Fr,Lg3,Fr_Lg3,17.829,0.017
Fr,Ll,Fr_Ll,10.3792,0.06339
Fr,Ln,Fr_Ln,13.2545,0.0134
Fr,M2N4,Fr_M2N4,3.7237,0.00674
Fr,Mb,Fr_Mb,2.88971,0.64124
Fr,Mg,Fr_Mg,3.086,0.21845
Fr,Mz,Fr_Mz,2.1897,0.0058
Ga,Ka,Ga_Ka,9.2517,1.0
Ga,Kb,Ga_Kb,10.2642,0.1287
Ga,La,Ga_La,1.098,1.0
Ga,Lb1,Ga_Lb1,1.1249,0.16704
Ga,Lb3,Ga_Lb3,1.1948,0.0461
Ga,Ll,Ga_Ll,0.9573,0.0544
Ga,Ln,Ga_Ln,0.9842,0.02509
Gd,Ka,Gd_Ka,42.9963,1.0
Gd,Kb,Gd_Kb,48.6951,0.15
Gd,La,Gd_La,6.0576,1.0
Gd,Lb1,Gd_Lb1,6.7131,0.44127
Gd,Lb2,Gd_Lb2,7.1023,0.2014
Gd,Lb3,Gd_Lb3,6.8316,0.1255
Gd,Lb4,Gd_Lb4,6.6873,0.08789
Gd,Lg1,Gd_Lg1,7.7898,0.08207
Gd,Lg3,Gd_Lg3,8.1047,0.032
Gd,Ll,Gd_Ll,5.362,0.04629
Gd,Ln,Gd_Ln,6.0495,0.01489
Gd,M2N4,Gd_M2N4,1.5478,0.014
Gd,Ma,Gd_Ma,1.17668,1.0
Gd,Mb,Gd_Mb,1.20792,0.88
Gd,Mg,Gd_Mg,1.4035,0.261
Gd,Mz,Gd_Mz,0.9143,0.06
Ge,Ka,Ge_Ka,9.8864,1.0
Ge,Kb,Ge_Kb,10.9823,0.1322
Ge,La,Ge_La,1.188,1.0
Ge,Lb1,Ge_Lb1,1.2191,0.16704
Ge,Lb3,Ge_Lb3,1.2935,0.04429
Ge,Ll,Ge_Ll,1.0367,0.0511
Ge,Ln,Ge_Ln,1.0678,0.02
H,Ka,H_Ka,0.0013598,1.0
He,Ka,He_Ka,0.0024587,1.0
Hf,Ka,Hf_Ka,55.7901,1.0
Hf,Kb,Hf_Kb,63.2432,0.15
Hf,La,Hf_La,7.899,1.0
Hf,Lb1,Hf_Lb1,9.023,0.46231
Hf,Lb2,Hf_Lb2,9.347,0.2048
Hf,Lb3,Hf_Lb3,9.1631,0.1316
Hf,Lb4,Hf_Lb4,8.9053,0.10189
Hf,Lg1,Hf_Lg1,10.5156,0.08968
Hf,Lg3,Hf_Lg3,10.8903,0.0347
Hf,Ll,Hf_Ll,6.9598,0.05089
Hf,Ln,Hf_Ln,8.1385,0.0158
Hf,M2N4,Hf_M2N4,2.1416,0.01
Hf,Ma,Hf_Ma,1.6446,1.0
Hf,Mb,Hf_Mb,1.6993,0.59443
Hf,Mg,Hf_Mg,1.8939,0.08505
Hf,Mz,Hf_Mz,1.2813,0.06
Hg,Ka,Hg_Ka,70.8184,1.0
Hg,Kb,Hg_Kb,80.2552,0.15
Hg,La,Hg_La,9.989,1.0
Hg,Lb1,Hg_Lb1,11.8238,0.39504
Hg,Lb2,Hg_Lb2,11.9241,0.2221
Hg,Lb3,Hg_Lb3,11.9922,0.06469
Hg,Lb4,Hg_Lb4,11.5608,0.0566
Hg,Lg1,Hg_Lg1,13.8304,0.0832
Hg,Lg3,Hg_Lg3,14.2683,0.0184
Hg,Ll,Hg_Ll,8.7223,0.05709
Hg,Ln,Hg_Ln,10.6471,0.0136
Hg,M2N4,Hg_M2N4,2.9002,0.02901
Hg,M3O4,Hg_M3O4,2.8407,0.005
Hg,M3O5,Hg_M3O5,2.8407,0.01
Hg,Ma,Hg_Ma,2.1964,1.0
Hg,Mb,Hg_Mb,2.2827,0.64124
Hg,Mg,Hg_Mg,2.4873,0.08505
Hg,Mz,Hg_Mz,1.7239,0.01344
Ho,Ka,Ho_Ka,47.5466,1.0
Ho,Kb,Ho_Kb,53.8765,0.15
Ho,La,Ho_La,6.7197,1.0
Ho,Lb1,Ho_Lb1,7.5263,0.45056
Ho,Lb2,Ho_Lb2,7.9101,0.23563
Ho,Lb3,Ho_Lb3,7.653,0.06
Ho,Lb4,Ho_Lb4,7.4714,0.09039
Ho,Lg1,Ho_Lg1,8.7568,0.08448
Ho,Lg3,Ho_Lg3,9.0876,0.0321
Ho,Ll,Ho_Ll,5.9428,0.04759
Ho,Ln,Ho_Ln,6.7895,0.0151
Ho,M2N4,Ho_M2N4,1.7618,0.072
Ho,Ma,Ho_Ma,1.3477,1.0
Ho,Mb,Ho_Mb,1.3878,0.59443
Ho,Mg,Ho_Mg,1.5802,0.1418
Ho,Mz,Ho_Mz,1.0448,0.6629
I,Ka,I_Ka,28.6123,1.0
I,Kb,I_Kb,32.2948,0.15
I,La,I_La,3.9377,1.0
I,Lb1,I_Lb1,4.2208,0.43087
I,Lb2,I_Lb2,4.5075,0.17059
I,Lb3,I_Lb3,4.3135,0.1464
I,Lb4,I_Lb4,4.2576,0.09189
I,Lg1,I_Lg1,4.8025,0.06704
I,Lg3,I_Lg3,5.0654,0.0327
I,Ll,I_Ll,3.485,0.0423
I,Ln,I_Ln,3.78,0.0154
In,Ka,In_Ka,24.2098,1.0
In,Kb,In_Kb,27.2756,0.15
In,La,In_La,3.287,1.0
In,Lb1,In_Lb1,3.4872,0.3616
In,Lb2,In_Lb2,3.7139,0.1371
In,Lb3,In_Lb3,3.5732,0.08779
In,Lb4,In_Lb4,3.5353,0.05349
In,Lg1,In_Lg1,3.9218,0.04535
In,Lg3,In_Lg3,4.1601,0.0177
In,Ll,In_Ll,2.9045,0.0415
In,Ln,In_Ln,3.1124,0.0132
Ir,Ka,Ir_Ka,64.8958,1.0
Ir,Kb,Ir_Kb,73.5603,0.15
Ir,La,Ir_La,9.1748,1.0
Ir,Lb1,Ir_Lb1,10.708,0.4168
Ir,Lb2,Ir_Lb2,10.9203,0.216
Ir,Lb3,Ir_Lb3,10.8678,0.0874
Ir,Lb4,Ir_Lb4,10.5098,0.07269
Ir,Lg1,Ir_Lg1,12.5127,0.08543
Ir,Lg3,Ir_Lg3,12.9242,0.024
Ir,Ll,Ir_Ll,8.0415,0.05429
Ir,Ln,Ir_Ln,9.6504,0.01429
Ir,M2N4,Ir_M2N4,2.5973,0.02901
Ir,M3O4,Ir_M3O4,2.54264,0.005
Ir,M3O5,Ir_M3O5,2.54385,0.01
Ir,Ma,Ir_Ma,1.9799,1.0
Ir,Mb,Ir_Mb,2.0527,0.59443
Ir,Mg,Ir_Mg,2.2558,0.08505
Ir,Mz,Ir_Mz,1.5461,0.01344
K,Ka,K_Ka,3.3138,1.0
K,Kb,K_Kb,3.5896,0.1039
Kr,Ka,Kr_Ka,12.6507,1.0
Kr,Kb,Kr_Kb,14.1118,0.1538
Kr,La,Kr_La,1.586,1.0
Kr,Lb1,Kr_Lb1,1.6383,0.39031
Kr,Lb3,Kr_Lb3,1.7072,0.0465
Kr,Lg3,Kr_Lg3,1.921,0.005
Kr,Ll,Kr_Ll,1.38657,0.04509
Kr,Ln,Kr_Ln,1.43887,0.0175
La,Ka,La_Ka,33.4419,1.0
La,Kb,La_Kb,37.8012,0.15
La,La,La_La,4.651,1.0
La,Lb1,La_Lb1,5.0421,0.42631
La,Lb2,La_Lb2,5.3838,0.19579
La,Lb3,La_Lb3,5.1429,0.1341
La,Lb4,La_Lb4,5.0619,0.0872
La,Lg1,La_Lg1,5.7917,0.07656
La,Lg3,La_Lg3,6.0749,0.0329
La,Ll,La_Ll,4.1214,0.0432
La,Ln,La_Ln,4.5293,0.015
La,M2N4,La_M2N4,1.1055,0.022
La,Ma,La_Ma,0.8173,1.0
La,Mb,La_Mb,0.8162,0.9
La,Mg,La_Mg,1.0245,0.4
La,Mz,La_Mz,0.6403,0.06
Lu,Ka,Lu_Ka,54.0697,1.0
Lu,Kb,Lu_Kb,61.2902,0.15
Lu,La,Lu_La,7.6556,1.0
Lu,Lb1,Lu_Lb1,8.7092,0.46975
Lu,Lb2,Lu_Lb2,9.0491,0.20359
Lu,Lb3,Lu_Lb3,8.8468,0.13099
Lu,Lb4,Lu_Lb4,8.6069,0.0996
Lu,Lg1,Lu_Lg1,10.1438,0.08968
Lu,Lg3,Lu_Lg3,10.5111,0.0342
Lu,Ll,Lu_Ll,6.7529,0.05009
Lu,Ln,Lu_Ln,7.8574,0.016
Lu,M2N4,Lu_M2N4,2.0587,0.01
Lu,Ma,Lu_Ma,1.5816,1.0
Lu,Mb,Lu_Mb,1.6325,0.59443
Lu,Mg,Lu_Mg,1.8286,0.08505
Lu,Mz,Lu_Mz,1.2292,0.06
Mg,Ka,Mg_Ka,1.2536,1.0
Mg,Kb,Mg_Kb,1.305,0.01
Mn,Ka,Mn_Ka,5.8987,1.0
Mn,Kb,Mn_Kb,6.4904,0.1252
Mn,La,Mn_La,0.63316,1.0
Mn,Lb3,Mn_Lb3,0.7204,0.0263
Mn,Ll,Mn_Ll,0.5564,0.3898
Mn,Ln,Mn_Ln,0.5675,0.1898
Mo,Ka,Mo_Ka,17.4793,1.0
Mo,Kb,Mo_Kb,19.6072,0.15
Mo,La,Mo_La,2.2932,1.0
Mo,Lb1,Mo_Lb1,2.3948,0.32736
Mo,Lb2,Mo_Lb2,2.5184,0.04509
Mo,Lb3,Mo_Lb3,2.4732,0.06299
Mo,Lg1,Mo_Lg1,2.6233,0.01335
Mo,Lg3,Mo_Lg3,2.8307,0.0105
Mo,Ll,Mo_Ll,2.0156,0.0415
Mo,Ln,Mo_Ln,2.1205,0.0128
N,Ka,N_Ka,0.3924,1.0
Na,Ka,Na_Ka,1.041,1.0
Na,Kb,Na_Kb,1.0721,0.01
Nb,Ka,Nb_Ka,16.6151,1.0
Nb,Kb,Nb_Kb,18.6226,0.15
Nb,La,Nb_La,2.1659,1.0
Nb,Lb1,Nb_Lb1,2.2573,0.32519
Nb,Lb2,Nb_Lb2,2.3705,0.03299
Nb,Lb3,Nb_Lb3,2.3347,0.06429
Nb,Lg1,Nb_Lg1,2.4615,0.00975
Nb,Lg3,Nb_Lg3,2.6638,0.0103
Nb,Ll,Nb_Ll,1.9021,0.04169
Nb,Ln,Nb_Ln,1.9963,0.0129
Nd,Ka,Nd_Ka,37.361,1.0
Nd,Kb,Nd_Kb,42.2715,0.15
Nd,La,Nd_La,5.2302,1.0
Nd,Lb1,Nd_Lb1,5.722,0.42672
Nd,Lb2,Nd_Lb2,6.0904,0.1957
Nd,Lb3,Nd_Lb3,5.8286,0.12869
Nd,Lb4,Nd_Lb4,5.7232,0.0858
Nd,Lg1,Nd_Lg1,6.604,0.07712
Nd,Lg3,Nd_Lg3,6.9014,0.0318
Nd,Ll,Nd_Ll,4.6326,0.04429
Nd,Ln,Nd_Ln,5.1462,0.01469
Nd,M2N4,Nd_M2N4,1.2853,0.052
Nd,Ma,Nd_Ma,0.9402,1.0
Nd,Mb,Nd_Mb,0.9965,0.99
Nd,Mg,Nd_Mg,1.1799,0.625
Nd,Mz,Nd_Mz,0.7531,0.069
Ne,Ka,Ne_Ka,0.8486,1.0
Ne,Kb,Ne_Kb,0.8669,0.01
Ni,Ka,Ni_Ka,7.4781,1.0
Ni,Kb,Ni_Kb,8.2647,0.1277
Ni,La,Ni_La,0.8511,1.0
Ni,Lb1,Ni_Lb1,0.8683,0.1677
Ni,Lb3,Ni_Lb3,0.94,0.00199
Ni,Ll,Ni_Ll,0.7429,0.14133
Ni,Ln,Ni_Ln,0.7601,0.09693
O,Ka,O_Ka,0.5249,1.0
Os,Ka,Os_Ka,62.9999,1.0
Os,Kb,Os_Kb,71.4136,0.15
Os,La,Os_La,8.9108,1.0
Os,Lb1,Os_Lb1,10.3542,0.43207
Os,Lb2,Os_Lb2,10.5981,0.2146
Os,Lb3,Os_Lb3,10.5108,0.1024
Os,Lb4,Os_Lb4,10.1758,0.08369
Os,Lg1,Os_Lg1,12.0956,0.08768
Os,Lg3,Os_Lg3,12.4998,0.028
Os,Ll,Os_Ll,7.8224,0.05389
Os,Ln,Os_Ln,9.3365,0.01479
Os,M2N4,Os_M2N4,2.5028,0.02901
Os,M3O4,Os_M3O4,2.45015,0.005
Os,M3O5,Os_M3O5,2.45117,0.01
Os,Ma,Os_Ma,1.9138,1.0
Os,Mb,Os_Mb,1.9845,0.59443
Os,Mg,Os_Mg,2.1844,0.08505
Os,Mz,Os_Mz,1.4919,0.01344
P,Ka,P_Ka,2.0133,1.0
P,Kb,P_Kb,2.13916,0.0498
Pa,Ka,Pa_Ka,95.8679,1.0
Pa,Kb,Pa_Kb,108.4272,0.15
Pa,La,Pa_La,13.2913,1.0
Pa,Lb1,Pa_Lb1,16.7025,0.4
Pa,Lb2,Pa_Lb2,16.0249,0.236
Pa,Lb3,Pa_Lb3,16.9308,0.06
Pa,Lb4,Pa_Lb4,16.1037,0.04
Pa,Lg1,Pa_Lg1,19.5703,0.08
Pa,Lg3,Pa_Lg3,20.0979,0.017
Pa,Ll,Pa_Ll,11.3662,0.0682
Pa,Ln,Pa_Ln,14.9468,0.0126
Pa,M2N4,Pa_M2N4,4.2575,0.00674
Pa,M3O4,Pa_M3O4,4.07712,0.01
Pa,M3O5,Pa_M3O5,4.08456,0.01
Pa,Ma,Pa_Ma,3.0823,1.0
Pa,Mb,Pa_Mb,3.24,0.64124
Pa,Mg,Pa_Mg,3.4656,0.33505
Pa,Mz,Pa_Mz,2.4351,0.03512
Pb,Ka,Pb_Ka,74.9693,1.0
Pb,Kb,Pb_Kb,84.9381,0.15
Pb,La,Pb_La,10.5512,1.0
Pb,Lb1,Pb_Lb1,12.6144,0.3836
Pb,Lb2,Pb_Lb2,12.6223,0.2244
Pb,Lb3,Pb_Lb3,12.7944,0.06049
Pb,Lb4,Pb_Lb4,12.3066,0.055
Pb,Lg1,Pb_Lg1,14.7648,0.08256
Pb,Lg3,Pb_Lg3,15.2163,0.017
Pb,Ll,Pb_Ll,9.1845,0.0586
Pb,Ln,Pb_Ln,11.3493,0.0132
Pb,M2N4,Pb_M2N4,3.119,0.00863
Pb,M3O4,Pb_M3O4,3.0446,0.01
Pb,M3O5,Pb_M3O5,3.0472,0.01
Pb,Ma,Pb_Ma,2.3459,1.0
Pb,Mb,Pb_Mb,2.4427,0.64124
Pb,Mg,Pb_Mg,2.6535,0.21845
Pb,Mz,Pb_Mz,1.8395,0.0058
Pd,Ka,Pd_Ka,21.177,1.0
Pd,Kb,Pd_Kb,23.8188,0.15
Pd,La,Pd_La,2.8386,1.0
Pd,Lb1,Pd_Lb1,2.9903,0.34375
Pd,Lb2,Pd_Lb2,3.16828,0.10349
Pd,Lb3,Pd_Lb3,3.0728,0.0682
Pd,Lb4,Pd_Lb4,3.0452,0.0407
Pd,Lg1,Pd_Lg1,3.32485,0.03256
Pd,Lg3,Pd_Lg3,3.5532,0.0125
Pd,Ll,Pd_Ll,2.5034,0.0412
Pd,Ln,Pd_Ln,2.6604,0.0129
Pm,Ka,Pm_Ka,38.7247,1.0
Pm,Kb,Pm_Kb,43.8271,0.15
Pm,La,Pm_La,5.4324,1.0
Pm,Lb1,Pm_Lb1,5.9613,0.4308
Pm,Lb2,Pm_Lb2,6.3389,0.196
Pm,Lb3,Pm_Lb3,6.071,0.1247
Pm,Lb4,Pm_Lb4,5.9565,0.07799
Pm,Lg1,Pm_Lg1,6.8924,0.0784
Pm,Lg3,Pm_Lg3,7.1919,0.0311
Pm,Ll,Pm_Ll,4.8128,0.0448
Pm,Ln,Pm_Ln,5.3663,0.01479
Pm,M2N4,Pm_M2N4,1.351,0.028
Pm,Ma,Pm_Ma,0.9894,1.0
Pm,Mb,Pm_Mb,1.0475,0.89
Pm,Mg,Pm_Mg,1.2365,0.4
Pm,Mz,Pm_Mz,0.7909,0.068
Po,Ka,Po_Ka,79.2912,1.0
Po,Kb,Po_Kb,89.8031,0.15
Po,La,Po_La,11.1308,1.0
Po,Lb1,Po_Lb1,13.4463,0.38536
Po,Lb2,Po_Lb2,13.3404,0.2289
Po,Lb3,Po_Lb3,13.6374,0.0603
Po,Lb4,Po_Lb4,13.0852,0.05709
Po,Lg1,Po_Lg1,15.7441,0.08
Po,Lg3,Po_Lg3,16.2343,0.017
Po,Ll,Po_Ll,9.6644,0.0607
Po,Ln,Po_Ln,12.0949,0.0133
Po,M2N4,Po_M2N4,3.3539,0.00863
Po,Mb,Po_Mb,2.62266,0.64124
Po,Mg,Po_Mg,2.8285,0.21845
Po,Mz,Po_Mz,1.978,0.00354
Pr,Ka,Pr_Ka,36.0263,1.0
Pr,Kb,Pr_Kb,40.7484,0.15
Pr,La,Pr_La,5.0333,1.0
Pr,Lb1,Pr_Lb1,5.4893,0.42872
Pr,Lb2,Pr_Lb2,5.8511,0.19519
Pr,Lb3,Pr_Lb3,5.5926,0.13089
Pr,Lb4,Pr_Lb4,5.4974,0.0864
Pr,Lg1,Pr_Lg1,6.3272,0.07687
Pr,Lg3,Pr_Lg3,6.6172,0.0321
Pr,Ll,Pr_Ll,4.4533,0.044
Pr,Ln,Pr_Ln,4.9294,0.01489
Pr,M2N4,Pr_M2N4,1.2242,0.055
Pr,Ma,Pr_Ma,0.8936,1.0
Pr,Mb,Pr_Mb,0.9476,0.85
Pr,Mg,Pr_Mg,1.129,0.6
Pr,Mz,Pr_Mz,0.7134,0.068
Pt,Ka,Pt_Ka,66.8311,1.0
Pt,Kb,Pt_Kb,75.7494,0.15
Pt,La,Pt_La,9.4421,1.0
Pt,Lb1,Pt_Lb1,11.0707,0.4088
Pt,Lb2,Pt_Lb2,11.2504,0.21829
Pt,Lb3,Pt_Lb3,11.2345,0.0783
Pt,Lb4,Pt_Lb4,10.8534,0.0662
Pt,Lg1,Pt_Lg1,12.9418,0.08448
Pt,Lg3,Pt_Lg3,13.3609,0.0218
Pt,Ll,Pt_Ll,8.2677,0.0554
Pt,Ln,Pt_Ln,9.9766,0.01399
Pt,M2N4,Pt_M2N4,2.6957,0.02901
Pt,M3O4,Pt_M3O4,2.63796,0.005
Pt,M3O5,Pt_M3O5,2.63927,0.01
Pt,Ma,Pt_Ma,2.0505,1.0
Pt,Mb,Pt_Mb,2.1276,0.59443
Pt,Mg,Pt_Mg,2.3321,0.08505
Pt,Mz,Pt_Mz,1.6026,0.01344
Ra,Ka,Ra_Ka,88.4776,1.0
Ra,Kb,Ra_Kb,100.1302,0.15
Ra,La,Ra_La,12.3395,1.0
Ra,Lb1,Ra_Lb1,15.2359,0.4
Ra,Lb2,Ra_Lb2,14.8417,0.23579
Ra,Lb3,Ra_Lb3,15.4449,0.06
Ra,Lb4,Ra_Lb4,14.7472,0.06209
Ra,Lg1,Ra_Lg1,17.8484,0.08
Ra,Lg3,Ra_Lg3,18.3576,0.017
Ra,Ll,Ra_Ll,10.6224,0.06429
Ra,Ln,Ra_Ln,13.6623,0.0133
Ra,M2N4,Ra_M2N4,3.8536,0.00674
Ra,Mb,Ra_Mb,2.9495,0.64124
Ra,Mg,Ra_Mg,3.1891,0.33505
Ra,Mz,Ra_Mz,2.2258,0.03512
Rb,Ka,Rb_Ka,13.3953,1.0
Rb,Kb,Rb_Kb,14.9612,0.1558
Rb,La,Rb_La,1.6941,1.0
Rb,Lb1,Rb_Lb1,1.7521,0.39095
Rb,Lb3,Rb_Lb3,1.8266,0.04709
Rb,Lg3,Rb_Lg3,2.0651,0.0058
Rb,Ll,Rb_Ll,1.4823,0.0441
Rb,Ln,Rb_Ln,1.5418,0.01709
Re,Ka,Re_Ka,61.1411,1.0
Re,Kb,Re_Kb,69.3091,0.15
Re,La,Re_La,8.6524,1.0
Re,Lb1,Re_Lb1,10.0098,0.4408
Re,Lb2,Re_Lb2,10.2751,0.21219
Re,Lb3,Re_Lb3,10.1594,0.1222
Re,Lb4,Re_Lb4,9.8451,0.09869
Re,Lg1,Re_Lg1,11.685,0.08864
Re,Lg3,Re_Lg3,12.0823,0.0331
Re,Ll,Re_Ll,7.6036,0.05299
Re,Ln,Re_Ln,9.027,0.0151
Re,M2N4,Re_M2N4,2.4079,0.01
Re,M3O4,Re_M3O4,2.36124,0.001
Re,M3O5,Re_M3O5,2.36209,0.01
Re,Ma,Re_Ma,1.8423,1.0
Re,Mb,Re_Mb,1.9083,0.59443
Re,Mg,Re_Mg,2.1071,0.08505
Re,Mz,Re_Mz,1.4385,0.01344
Rh,Ka,Rh_Ka,20.2161,1.0
Rh,Kb,Rh_Kb,22.7237,0.15
Rh,La,Rh_La,2.6968,1.0
Rh,Lb1,Rh_Lb1,2.8344,0.33463
Rh,Lb2,Rh_Lb2,3.0013,0.08539
Rh,Lb3,Rh_Lb3,2.9157,0.06669
Rh,Lb4,Rh_Lb4,2.8909,0.0395
Rh,Lg1,Rh_Lg1,3.1436,0.02623
Rh,Lg3,Rh_Lg3,3.364,0.0121
Rh,Ll,Rh_Ll,2.3767,0.0411
Rh,Ln,Rh_Ln,2.519,0.0126
Rn,Ka,Rn_Ka,83.7846,1.0
Rn,Kb,Rn_Kb,94.866,0.15
Rn,La,Rn_La,11.727,1.0
Rn,Lb1,Rn_Lb1,14.3156,0.38463
Rn,Lb2,Rn_Lb2,14.0824,0.2325
Rn,Lb3,Rn_Lb3,14.511,0.0607
Rn,Lb4,Rn_Lb4,13.89,0.06
Rn,Lg1,Rn_Lg1,16.7705,0.08
Rn,Lg3,Rn_Lg3,17.281,0.017
Rn,Ll,Rn_Ll,10.1374,0.0625
Rn,Ln,Rn_Ln,12.8551,0.0134
Rn,M2N4,Rn_M2N4,3.5924,0.00863
Rn,Mb,Rn_Mb,2.80187,0.64124
Rn,Mg,Rn_Mg,3.001,0.21845
Rn,Mz,Rn_Mz,2.1244,0.0058
Ru,Ka,Ru_Ka,19.2793,1.0
Ru,Kb,Ru_Kb,21.6566,0.15
Ru,La,Ru_La,2.5585,1.0
Ru,Lb1,Ru_Lb1,2.6833,0.33039
Ru,Lb2,Ru_Lb2,2.8359,0.07259
Ru,Lb3,Ru_Lb3,2.7634,0.0654
Ru,Lg1,Ru_Lg1,2.9649,0.02176
Ru,Lg3,Ru_Lg3,3.1809,0.0115
Ru,Ll,Ru_Ll,2.2529,0.0411
Ru,Ln,Ru_Ln,2.3819,0.0126
S,Ka,S_Ka,2.3072,1.0
S,Kb,S_Kb,2.46427,0.06525
Sb,Ka,Sb_Ka,26.359,1.0
Sb,Kb,Sb_Kb,29.7256,0.15
Sb,La,Sb_La,3.6047,1.0
Sb,Lb1,Sb_Lb1,3.8435,0.4276
Sb,Lb2,Sb_Lb2,4.1008,0.1556
Sb,Lb3,Sb_Lb3,3.9327,0.15099
Sb,Lb4,Sb_Lb4,3.8864,0.0932
Sb,Lg1,Sb_Lg1,4.349,0.06064
Sb,Lg3,Sb_Lg3,4.5999,0.0321
Sb,Ll,Sb_Ll,3.1885,0.0419
Sb,Ln,Sb_Ln,3.4367,0.0155
Sc,Ka,Sc_Ka,4.0906,1.0
Sc,Kb,Sc_Kb,4.4605,0.12839
Sc,La,Sc_La,0.4022,0.308
Sc,Lb3,Sc_Lb3,0.4681,0.037
Sc,Ll,Sc_Ll,0.3484,1.0
Sc,Ln,Sc_Ln,0.3529,0.488
Se,Ka,Se_Ka,11.222,1.0
Se,Kb,Se_Kb,12.4959,0.1505
Se,La,Se_La,1.3791,1.0
Se,Lb1,Se_Lb1,1.4195,0.38848
Se,Lb3,Se_Lb3,1.492,0.047
Se,Ll,Se_Ll,1.2043,0.04759
Se,Ln,Se_Ln,1.2447,0.0187
Si,Ka,Si_Ka,1.7397,1.0
Si,Kb,Si_Kb,1.8389,0.02779
Sm,Ka,Sm_Ka,40.118,1.0
Sm,Kb,Sm_Kb,45.4144,0.15
Sm,La,Sm_La,5.636,1.0
Sm,Lb1,Sm_Lb1,6.2058,0.43512
Sm,Lb2,Sm_Lb2,6.5872,0.19769
Sm,Lb3,Sm_Lb3,6.317,0.12669
Sm,Lb4,Sm_Lb4,6.1961,0.08689
Sm,Lg1,Sm_Lg1,7.1828,0.07951
Sm,Lg3,Sm_Lg3,7.4894,0.0318
Sm,Ll,Sm_Ll,4.9934,0.04519
Sm,Ln,Sm_Ln,5.589,0.01489
Sm,M2N4,Sm_M2N4,1.4117,0.012
Sm,Ma,Sm_Ma,1.0428,1.0
Sm,Mb,Sm_Mb,1.1005,0.88
Sm,Mg,Sm_Mg,1.2908,0.26
Sm,Mz,Sm_Mz,0.8328,0.06
Sn,Ka,Sn_Ka,25.2713,1.0
Sn,Kb,Sn_Kb,28.4857,0.15
Sn,La,Sn_La,3.444,1.0
Sn,Lb1,Sn_Lb1,3.6628,0.43456
Sn,Lb2,Sn_Lb2,3.9049,0.14689
Sn,Lb3,Sn_Lb3,3.7503,0.1547
Sn,Lb4,Sn_Lb4,3.7083,0.0948
Sn,Lg1,Sn_Lg1,4.1322,0.058
Sn,Lg3,Sn_Lg3,4.3761,0.0321
Sn,Ll,Sn_Ll,3.045,0.0416
Sn,Ln,Sn_Ln,3.2723,0.0158
Sr,Ka,Sr_Ka,14.165,1.0
Sr,Kb,Sr_Kb,15.8355,0.15
Sr,La,Sr_La,1.8065,1.0
Sr,Lb1,Sr_Lb1,1.8718,0.37975
Sr,Lb3,Sr_Lb3,1.9472,0.047
Sr,Lg3,Sr_Lg3,2.1964,0.0065
Sr,Ll,Sr_Ll,1.5821,0.04309
Sr,Ln,Sr_Ln,1.6493,0.01669
Ta,Ka,Ta_Ka,57.5353,1.0
Ta,Kb,Ta_Kb,65.2224,0.15
Ta,La,Ta_La,8.146,1.0
Ta,Lb1,Ta_Lb1,9.3429,0.46248
Ta,Lb2,Ta_Lb2,9.6518,0.2076
Ta,Lb3,Ta_Lb3,9.4875,0.1333
Ta,Lb4,Ta_Lb4,9.2128,0.10449
Ta,Lg1,Ta_Lg1,10.8948,0.09071
Ta,Lg3,Ta_Lg3,11.277,0.0354
Ta,Ll,Ta_Ll,7.1731,0.0515
Ta,Ln,Ta_Ln,8.4281,0.0158
Ta,M2N4,Ta_M2N4,2.2274,0.01
Ta,M3O4,Ta_M3O4,2.1883,0.0001
Ta,M3O5,Ta_M3O5,2.194,0.01
Ta,Ma,Ta_Ma,1.7101,1.0
Ta,Mb,Ta_Mb,1.7682,0.59443
Ta,Mg,Ta_Mg,1.9647,0.08505
Ta,Mz,Ta_Mz,1.3306,0.01344
Tb,Ka,Tb_Ka,44.4817,1.0
Tb,Kb,Tb_Kb,50.3844,0.15
Tb,La,Tb_La,6.2728,1.0
Tb,Lb1,Tb_Lb1,6.9766,0.44104
Tb,Lb2,Tb_Lb2,7.367,0.19929
Tb,Lb3,Tb_Lb3,7.0967,0.124
Tb,Lb4,Tb_Lb4,6.9403,0.0874
Tb,Lg1,Tb_Lg1,8.1046,0.08168
Tb,Lg3,Tb_Lg3,8.423,0.0315
Tb,Ll,Tb_Ll,5.5465,0.0465
Tb,Ln,Tb_Ln,6.2841,0.01479
Tb,M2N4,Tb_M2N4,1.6207,0.014
Tb,Ma,Tb_Ma,1.2326,1.0
Tb,Mb,Tb_Mb,1.2656,0.78
Tb,Mg,Tb_Mg,1.4643,0.2615
Tb,Mz,Tb_Mz,0.9562,0.06
Tc,Ka,Tc_Ka,18.3671,1.0
Tc,Kb,Tc_Kb,20.619,0.15
Tc,La,Tc_La,2.424,1.0
Tc,Lb1,Tc_Lb1,2.5368,0.32951
Tc,Lb2,Tc_Lb2,2.67017,0.05839
Tc,Lb3,Tc_Lb3,2.6175,0.0644
Tc,Lg1,Tc_Lg1,2.78619,0.01744
Tc,Lg3,Tc_Lg3,3.0036,0.0111
Tc,Ll,Tc_Ll,2.1293,0.0412
Tc,Ln,Tc_Ln,2.2456,0.0127
Te,Ka,Te_Ka,27.4724,1.0
Te,Kb,Te_Kb,30.9951,0.15
Te,La,Te_La,3.7693,1.0
Te,Lb1,Te_Lb1,4.0295,0.43183
Te,Lb2,Te_Lb2,4.3016,0.16269
Te,Lb3,Te_Lb3,4.1205,0.1458
Te,Lb4,Te_Lb4,4.0695,0.0906
Te,Lg1,Te_Lg1,4.5722,0.06375
Te,Lg3,Te_Lg3,4.829,0.0317
Te,Ll,Te_Ll,3.3354,0.0419
Te,Ln,Te_Ln,3.606,0.0154
Th,Ka,Th_Ka,93.3507,1.0
Th,Kb,Th_Kb,105.6049,0.15
Th,La,Th_La,12.9683,1.0
Th,Lb1,Th_Lb1,16.2024,0.4
Th,Lb2,Th_Lb2,15.6239,0.236
Th,Lb3,Th_Lb3,16.426,0.06
Th,Lb4,Th_Lb4,15.6417,0.05
Th,Lg1,Th_Lg1,18.9791,0.08
Th,Lg3,Th_Lg3,19.5048,0.017
Th,Ll,Th_Ll,11.118,0.06709
Th,Ln,Th_Ln,14.5109,0.0134
Th,M2N4,Th_M2N4,4.1163,0.00674
Th,M3O4,Th_M3O4,3.9518,0.01
Th,M3O5,Th_M3O5,3.9582,0.01
Th,Ma,Th_Ma,2.9968,1.0
Th,Mb,Th_Mb,3.1464,0.64124
Th,Mg,Th_Mg,3.3697,0.33505
Th,Mz,Th_Mz,2.3647,0.03512
Ti,Ka,Ti_Ka,4.5109,1.0
Ti,Kb,Ti_Kb,4.9318,0.11673
Ti,La,Ti_La,0.4555,0.694
Ti,Lb3,Ti_Lb3,0.5291,0.166
Ti,Ll,Ti_Ll,0.3952,1.0
Ti,Ln,Ti_Ln,0.4012,0.491
Tl,Ka,Tl_Ka,72.8729,1.0
Tl,Kb,Tl_Kb,82.5738,0.15
Tl,La,Tl_La,10.2682,1.0
Tl,Lb1,Tl_Lb1,12.2128,0.39112
Tl,Lb2,Tl_Lb2,12.2713,0.22289
Tl,Lb3,Tl_Lb3,12.3901,0.0607
Tl,Lb4,Tl_Lb4,11.931,0.05419
Tl,Lg1,Tl_Lg1,14.2913,0.08304
Tl,Lg3,Tl_Lg3,14.7377,0.0175
Tl,Ll,Tl_Ll,8.9534,0.0578
Tl,Ln,Tl_Ln,10.9938,0.0134
Tl,M2N4,Tl_M2N4,3.0091,0.00863
Tl,M3O4,Tl_M3O4,2.9413,0.005
Tl,M3O5,Tl_M3O5,2.9435,0.01
Tl,Ma,Tl_Ma,2.2708,1.0
Tl,Mb,Tl_Mb,2.3623,0.64124
Tl,Mg,Tl_Mg,2.5704,0.21845
Tl,Mz,Tl_Mz,1.7803,0.0058
Tm,Ka,Tm_Ka,50.7416,1.0
Tm,Kb,Tm_Kb,57.5051,0.15
Tm,La,Tm_La,7.1803,1.0
Tm,Lb1,Tm_Lb1,8.1023,0.45831
Tm,Lb2,Tm_Lb2,8.4684,0.20059
Tm,Lb3,Tm_Lb3,8.2312,0.1273
Tm,Lb4,Tm_Lb4,8.0259,0.09449
Tm,Lg1,Tm_Lg1,9.4373,0.08615
Tm,Lg3,Tm_Lg3,9.7791,0.0329
Tm,Ll,Tm_Ll,6.3412,0.04889
Tm,Ln,Tm_Ln,7.3101,0.0156
Tm,M2N4,Tm_M2N4,1.9102,0.01
Tm,Ma,Tm_Ma,1.4624,1.0
Tm,Mb,Tm_Mb,1.5093,0.59443
Tm,Mg,Tm_Mg,1.7049,0.08505
Tm,Mz,Tm_Mz,1.1311,0.06
U,Ka,U_Ka,98.4397,1.0
U,Kb,U_Kb,111.3026,0.15
U,La,U_La,13.6146,1.0
U,Lb1,U_Lb1,17.22,0.4
U,Lb2,U_Lb2,16.4286,0.236
U,Lb3,U_Lb3,17.454,0.06
U,Lb4,U_Lb4,16.5752,0.04
U,Lg1,U_Lg1,20.1672,0.08
U,Lg3,U_Lg3,20.7125,0.017
U,Ll,U_Ll,11.6183,0.069
U,Ln,U_Ln,15.3996,0.01199
U,M2N4,U_M2N4,4.4018,0.00674
U,M3O4,U_M3O4,4.1984,0.01
U,M3O5,U_M3O5,4.2071,0.01
U,Ma,U_Ma,3.1708,1.0
U,Mb,U_Mb,3.3363,0.6086
U,Mg,U_Mg,3.5657,0.33505
U,Mz,U_Mz,2.5068,0.03512
V,Ka,V_Ka,4.9522,1.0
V,Kb,V_Kb,5.4273,0.1225
V,La,V_La,0.5129,1.0
V,Lb3,V_Lb3,0.5904,0.0154
V,Ll,V_Ll,0.4464,0.5745
V,Ln,V_Ln,0.454,0.2805
W,Ka,W_Ka,59.3182,1.0
W,Kb,W_Kb,67.244,0.15
W,La,W_La,8.3976,1.0
W,Lb1,W_Lb1,9.6724,0.3679
W,Lb2,W_Lb2,9.9614,0.21385
W,Lb3,W_Lb3,9.8188,0.07077
W,Lb4,W_Lb4,9.5249,0.05649
W,Lg1,W_Lg1,11.2852,0.05658
W,Lg3,W_Lg3,11.6745,0.0362
W,Ll,W_Ll,7.3872,0.04169
W,Ln,W_Ln,8.7244,0.01155
W,M2N4,W_M2N4,2.3161,0.01
W,M3O4,W_M3O4,2.2749,0.001
W,M3O5,W_M3O5,2.281,0.01
W,Ma,W_Ma,1.7756,1.0
W,Mb,W_Mb,1.8351,0.59443
W,Mg,W_Mg,2.0356,0.08505
W,Mz,W_Mz,1.3839,0.01344
Xe,Ka,Xe_Ka,29.7792,1.0
Xe,Kb,Xe_Kb,33.6244,0.15
Xe,La,Xe_La,4.1099,1.0
Xe,Lb1,Xe_Lb1,4.4183,0.42248
Xe,Lb2,Xe_Lb2,4.7182,0.17699
Xe,Lb3,Xe_Lb3,4.5158,0.14119
Xe,Lb4,Xe_Lb4,4.4538,0.08929
Xe,Lg1,Xe_Lg1,5.0397,0.06848
Xe,Lg3,Xe_Lg3,5.3061,0.0323
Xe,Ll,Xe_Ll,3.6376,0.0424
Xe,Ln,Xe_Ln,3.9591,0.015
Y,Ka,Y_Ka,14.9584,1.0
Y,Kb,Y_Kb,16.7381,0.15
Y,La,Y_La,1.9226,1.0
Y,Lb1,Y_Lb1,1.9959,0.39127
Y,Lb2,Y_Lb2,2.08,0.00739
Y,Lb3,Y_Lb3,2.0722,0.05059
Y,Lg1,Y_Lg1,2.1555,0.00264
Y,Lg3,Y_Lg3,2.3469,0.0075
Y,Ll,Y_Ll,1.6864,0.0428
Y,Ln,Y_Ln,1.7619,0.0162
Yb,Ka,Yb_Ka,52.3887,1.0
Yb,Kb,Yb_Kb,59.3825,0.15
Yb,La,Yb_La,7.4158,1.0
Yb,Lb1,Yb_Lb1,8.4019,0.46224
Yb,Lb2,Yb_Lb2,8.7587,0.2017
Yb,Lb3,Yb_Lb3,8.5366,0.12789
Yb,Lb4,Yb_Lb4,8.3134,0.09589
Yb,Lg1,Yb_Lg1,9.7801,0.08728
Yb,Lg3,Yb_Lg3,10.1429,0.0331
Yb,Ll,Yb_Ll,6.5455,0.0494
Yb,Ln,Yb_Ln,7.5801,0.0157
Yb,M2N4,Yb_M2N4,1.9749,0.01
Yb,Ma,Yb_Ma,1.5215,1.0
Yb,Mb,Yb_Mb,1.57,0.59443
Yb,Mg,Yb_Mg,1.7649,0.08505
Yb,Mz,Yb_Mz,1.1843,0.06
Zn,Ka,Zn_Ka,8.6389,1.0
Zn,Kb,Zn_Kb,9.572,0.12605
Zn,La,Zn_La,1.0116,1.0
Zn,Lb1,Zn_Lb1,1.0347,0.1679
Zn,Lb3,Zn_Lb3,1.107,0.002
Zn,Ll,Zn_Ll,0.8838,0.0603
Zn,Ln,Zn_Ln,0.9069,0.0368
Zr,Ka,Zr_Ka,15.7753,1.0
Zr,Kb,Zr_Kb,17.6671,0.15
Zr,La,Zr_La,2.0423,1.0
Zr,Lb1,Zr_Lb1,2.1243,0.37912
Zr,Lb2,Zr_Lb2,2.2223,0.0177
Zr,Lb3,Zr_Lb3,2.2011,0.05219
Zr,Lg1,Zr_Lg1,2.30268,0.006
Zr,Lg3,Zr_Lg3,2.5029,0.0082
Zr,Ll,Zr_Ll,1.792,0.04209
Zr,Ln,Zr_Ln,1.8764,0.0153
